<!-- PVP Alerts -->

<GuiXml>
	<Controls>
		<Label name="PVP_ScoreboardRowLabel" font="ZoFontGame" wrapMode="ELLIPSIS" horizontalAlignment="CENTER" verticalAlignment="CENTER" virtual="true">
			<OnInitialized>
				self.nonRecolorable = true
			</OnInitialized>
		</Label>
		<Control name="PVP_ScoreboardRow" mouseEnabled="true" linkEnabled="true" virtual="true">
			<Dimensions x="898" y="28" />
			<OnMouseEnter>
				PVP_ScoreboardRow_OnMouseEnter(self)
			</OnMouseEnter>
			<OnMouseExit>
				PVP_ScoreboardRow_OnMouseExit(self)
			</OnMouseExit>
			 <OnMouseUp>
				PVP_ScoreboardName_OnMouseUp(button, self)
	     </OnMouseUp>
			<Controls>
				<Texture name="$(parent)BG" textureFile="esoui/art/miscellaneous/listitem_selectedhighlight.dds" color="FFFFFF" alpha="0.85" level="1" >
					<AnchorFill />
					<TextureCoords top="0" bottom="1" left="0.015" right="0.75"/>
					<OnInitialized>
						self.nonRecolorable = true
					</OnInitialized>
				</Texture>
				<Label name="$(parent)Rank" inherits="PVP_ScoreboardRowLabel" horizontalAlignment="CENTER">
					<Anchor point="LEFT" relativePoint="LEFT" relativeTo="$(parent)" />
					<Dimensions x="28" y="28" />
				</Label>
				<Label name="$(parent)Name" inherits="PVP_ScoreboardRowLabel" horizontalAlignment="LEFT">
					<Anchor point="LEFT" relativePoint="RIGHT" relativeTo="$(parent)Rank" />
					<Dimensions x="260" y="28" />
				</Label>
				<Label name="$(parent)Kills" inherits="PVP_ScoreboardRowLabel">
					<Anchor point="LEFT" relativePoint="RIGHT" relativeTo="$(parent)Name" />
					<Dimensions x="80" y="28" />
				</Label>
				<Label name="$(parent)Deaths" inherits="PVP_ScoreboardRowLabel">
					<Anchor point="LEFT" relativePoint="RIGHT" relativeTo="$(parent)Kills" />
					<Dimensions x="80" y="28" />
				</Label>
				<Label name="$(parent)Assists" inherits="PVP_ScoreboardRowLabel">
					<Anchor point="LEFT" relativePoint="RIGHT" relativeTo="$(parent)Deaths" />
					<Dimensions x="80" y="28" />
				</Label>
				<Label name="$(parent)Damage" inherits="PVP_ScoreboardRowLabel">
					<Anchor point="LEFT" relativePoint="RIGHT" relativeTo="$(parent)Assists" />
					<Dimensions x="100" y="28" />
				</Label>
				<Label name="$(parent)Healing" inherits="PVP_ScoreboardRowLabel">
					<Anchor point="LEFT" relativePoint="RIGHT" relativeTo="$(parent)Damage" />
					<Dimensions x="100" y="28" />
				</Label>
				<Label name="$(parent)Points" inherits="PVP_ScoreboardRowLabel">
					<Anchor point="LEFT" relativePoint="RIGHT" relativeTo="$(parent)Healing" />
					<Dimensions x="85" y="28" />
				</Label>
				<Label name="$(parent)Specials" inherits="PVP_ScoreboardRowLabel">
					<Anchor point="LEFT" relativePoint="RIGHT" relativeTo="$(parent)Points" />
					<Dimensions x="85" y="28" />
				</Label>
			</Controls>
		</Control>
		<Control name="PVP_List" virtual="true">
			<Dimensions x="920" y="371" />
			<Controls>
				<Control name="$(parent)Headers">
					<Anchor point="TOPLEFT" offsetX="0" offsetY="0" />
					<!-- <Anchor point="TOPRIGHT" offsetX="0" offsetY="51" /> -->
					<Dimensions x="835" y="32" />
					<Controls>
						<Control name="$(parent)Rank" inherits="ZO_SortHeader">
							<OnInitialized>
								ZO_SortHeader_Initialize(self, zo_iconFormat("EsoUI/Art/Battlegrounds/battlegrounds_tabIcon_battlegrounds_up.dds"), "rank", ZO_SORT_ORDER_UP, TEXT_ALIGN_CENTER, "ZoFontGame")
							</OnInitialized>
							<Anchor point="TOPLEFT" />
							<Dimensions x="30" y="30" />
						</Control>
						<Control name="$(parent)Name" inherits="ZO_SortHeader">
							<OnInitialized>
								ZO_SortHeader_Initialize(self, "Name", "name", ZO_SORT_ORDER_UP, TEXT_ALIGN_CENTER, "ZoFontGame")
							</OnInitialized>
							<Anchor point="TOPLEFT" relativePoint="TOPRIGHT" relativeTo="$(parent)Rank" />
							<Dimensions x="260" y="30" />
						</Control>
						<Control name="$(parent)Kills" inherits="ZO_SortHeader">
							<OnInitialized>
								ZO_SortHeader_Initialize(self, "Kills", "kills", ZO_SORT_ORDER_DOWN, TEXT_ALIGN_CENTER, "ZoFontGame")
							</OnInitialized>
							<Anchor point="TOPLEFT" relativePoint="TOPRIGHT" relativeTo="$(parent)Name" />
							<Dimensions x="80" y="30" />
						</Control>
						<Control name="$(parent)Deaths" inherits="ZO_SortHeader">
							<OnInitialized>
								ZO_SortHeader_Initialize(self, "Deaths", "deaths", ZO_SORT_ORDER_DOWN, TEXT_ALIGN_CENTER, "ZoFontGame")
							</OnInitialized>
							<Anchor point="TOPLEFT" relativePoint="TOPRIGHT" relativeTo="$(parent)Kills" />
							<Dimensions x="80" y="30" />
						</Control>
						<Control name="$(parent)Assists" inherits="ZO_SortHeader">
							<OnInitialized>
								ZO_SortHeader_Initialize(self, "Assists", "assists", ZO_SORT_ORDER_DOWN, TEXT_ALIGN_CENTER, "ZoFontGame")
							</OnInitialized>
							<Anchor point="TOPLEFT" relativePoint="TOPRIGHT" relativeTo="$(parent)Deaths" />
							<Dimensions x="80" y="30" />
						</Control>
						<Control name="$(parent)Damage" inherits="ZO_SortHeader">
							<OnInitialized>
								ZO_SortHeader_Initialize(self, "Damage", "damage", ZO_SORT_ORDER_DOWN, TEXT_ALIGN_CENTER, "ZoFontGame")
							</OnInitialized>
							<Anchor point="TOPLEFT" relativePoint="TOPRIGHT" relativeTo="$(parent)Assists" />
							<Dimensions x="100" y="30" />
						</Control>
						<Control name="$(parent)Healing" inherits="ZO_SortHeader">
							<OnInitialized>
								ZO_SortHeader_Initialize(self, "Healing", "healing", ZO_SORT_ORDER_DOWN, TEXT_ALIGN_CENTER, "ZoFontGame")
							</OnInitialized>
							<Anchor point="TOPLEFT" relativePoint="TOPRIGHT" relativeTo="$(parent)Damage" />
							<Dimensions x="100" y="30" />
						</Control>
						<Control name="$(parent)Points" inherits="ZO_SortHeader">
							<OnInitialized>
								ZO_SortHeader_Initialize(self, "Points", "points", ZO_SORT_ORDER_DOWN, TEXT_ALIGN_CENTER, "ZoFontGame")
							</OnInitialized>
							<Anchor point="TOPLEFT" relativePoint="TOPRIGHT" relativeTo="$(parent)Healing" />
							<Dimensions x="85" y="30" />
						</Control>
						<Control name="$(parent)Specials" inherits="ZO_SortHeader">
							<OnInitialized>
								ZO_SortHeader_Initialize(self, "Specials", "specials", ZO_SORT_ORDER_DOWN, TEXT_ALIGN_CENTER, "ZoFontGame")
							</OnInitialized>
							<Anchor point="TOPLEFT" relativePoint="TOPRIGHT" relativeTo="$(parent)Points" />
							<Dimensions x="85" y="30" />
						</Control>
					</Controls>
				</Control>

				<Control name="$(parent)List" inherits="ZO_ScrollList">
					<Anchor point="TOPLEFT" relativeTo="$(parent)Headers" relativePoint="BOTTOMLEFT" offsetY="3" />
					<!-- <Anchor point="BOTTOMRIGHT" offsetX="0" offsetY="-32" /> -->
					<Dimensions x="920" y="336" />
				</Control>

			</Controls>
		</Control>

		<Control name="PVP_TeamInfo" virtual="true">
			<Dimensions x="150" y="205" />
			<Controls>
				<Label name="$(parent)Name" text="FIRE DRAKES" font="$(BOLD_FONT)|$(KB_18)|thick-outline" horizontalAlignment="CENTER" color="FFFFFF" scale="1">
					<Anchor point="BOTTOM" relativePoint="BOTTOM" relativeTo="$(parent)" offsetY="0" offsetX="0" />
					<OnInitialized>
						self.nonRecolorable = true
					</OnInitialized>
				</Label>

				<Label name="$(parent)Score" text="500" font="$(BOLD_FONT)|$(KB_40)|thick-outline" horizontalAlignment="CENTER" color="FFFFFF" scale="2">
					<Anchor point="BOTTOM" relativePoint="TOP" relativeTo="$(parent)Name" offsetY="10" />
					<OnInitialized>
						self.nonRecolorable = true
					</OnInitialized>
				</Label>
				<Texture name="$(parent)BG" textureFile="EsoUI/Art/Battlegrounds/battlegrounds_scoreboardBG_orange.dds" level="2" alpha="1" color="FFFFFF">
					<Dimensions x="160" y="210"/>
					<Anchor point="CENTER" relativeTo="$(parent)" relativePoint="BOTTOM" offsetX="0" offsetY="-25"/>
					<TextureCoords top="0" bottom="1" left="0.018" right="0.86"/>
				</Texture>
			</Controls>
		</Control>

		<TopLevelControl name="PVP_Scoreboard" hidden="true">
		    <Dimensions x="1305" y="630" />
	    <Anchor point="CENTER" offsetY="75" />
			<OnInitialized>
				PVP_InitScoreboard()
			</OnInitialized>
			<Controls>


				<Label name="$(parent)Title" font="$(BOLD_FONT)|$(KB_28)|thick-outline" horizontalAlignment="CENTER" color="INTERFACE_COLOR_TYPE_TEXT_COLORS:INTERFACE_TEXT_COLOR_NORMAL" scale="1.2">
					<Anchor point="TOP" relativeTo="$(parent)" offsetY="-195" />
					<Controls>
						<!-- <Texture name="$(parent)Backdrop" textureFile="EsoUI/Art/Performance/StatusMeterMunge.dds" level="2" alpha="0.85"> -->
						<Texture name="$(parent)Backdrop1" textureFile="EsoUI/Art/Battlegrounds/battlegrounds_scoreboardBG_orange.dds" level="3" alpha="1" color="FF0000">
							<Dimensions x="550" y="80"/>
							<Anchor point="CENTER" relativeTo="$(parent)" relativePoint="CENTER" offsetX="0" offsetY="16"/>
							<TextureCoords top="0" bottom="1" left="0.018" right="0.86"/>
						</Texture>
						<Texture name="$(parent)Backdrop2" textureFile="EsoUI/Art/Battlegrounds/battlegrounds_scoreboardBG_orange.dds" level="3" alpha="1" color="FF0000">
							<Dimensions x="550" y="80"/>
							<Anchor point="CENTER" relativeTo="$(parent)" relativePoint="CENTER" offsetX="0" offsetY="-16"/>
							<TextureCoords top="1" bottom="0" left="0.018" right="0.86"/>
						</Texture>
						<Texture name="$(parent)Backdrop" textureFile="EsoUI/Art/Performance/StatusMeterMunge.dds" level="2" alpha="1" color="FF0000">
							<Dimensions x="1200" y="290"/>
							<Anchor point="CENTER" relativeTo="$(parent)" relativePoint="CENTER" offsetX="7" offsetY="1"/>
						</Texture>
					</Controls>
				</Label>


				<Label name="$(parent)State" text="MATCH ENDED" font="$(BOLD_FONT)|$(KB_28)|soft-shadow-thick" horizontalAlignment="CENTER" color="INTERFACE_COLOR_TYPE_TEXT_COLORS:INTERFACE_TEXT_COLOR_NORMAL">
						<Anchor point="TOP" relativeTo="$(parent)" offsetY="130" />
						<Dimensions x="600" y="90"/>
				</Label>

				<Label name="$(parent)Players" text="TOTAL PLAYERS - 12 : |c794993zo_iconFormatInheritColor('EsoUI/Art/Stats/battleground_alliance_badge_Fire_Drakes.dds', 32, 32) - 4|r  |CC1572DFIRE DRAKES - 4|R  |c589726PIT DAEMONS - 4|r" font="$(BOLD_FONT)|$(KB_22)|soft-shadow-thick" horizontalAlignment="CENTER" color="INTERFACE_COLOR_TYPE_TEXT_COLORS:INTERFACE_TEXT_COLOR_NORMAL">
					<Anchor point="BOTTOM" relativeTo="$(parent)" relativePoint="BOTTOM" offsetY="-30" />
					<Controls>
					</Controls>
				</Label>

				<Control name="$(parent)TimerContainer">
					<Anchor point="TOP" relativeTo="$(parent)" offsetX="360" offsetY="129" />
					<Controls>
						<Texture name="$(parent)Icon" textureFile="esoui/art/miscellaneous/timer_64.dds" level="2" alpha="1" hidden="false" color="INTERFACE_COLOR_TYPE_TEXT_COLORS:INTERFACE_TEXT_COLOR_NORMAL">
							<Dimensions x="36" y="36"/>
							<Anchor point="TOPLEFT" relativeTo="$(parent)" relativePoint="TOPLEFT" offsetX="0" offsetY="0"/>
						</Texture>
						<Label name="$(parent)Label" text="50s" font="$(BOLD_FONT)|$(KB_22)|soft-shadow-thick" horizontalAlignment="LEFT" color="INTERFACE_COLOR_TYPE_TEXT_COLORS:INTERFACE_TEXT_COLOR_NORMAL">
							<Anchor point="LEFT" relativeTo="$(parent)Icon" relativePoint="RIGHT" offsetX="0" offsetY="0" />
						</Label>
					</Controls>
				</Control>


				<Label name="$(parent)Info" text="Ullara - Deathmatch" font="$(BOLD_FONT)|$(KB_24)|soft-shadow-thick" horizontalAlignment="LEFT" color="INTERFACE_COLOR_TYPE_TEXT_COLORS:INTERFACE_TEXT_COLOR_NORMAL">
					<Anchor point="TOP" relativeTo="$(parent)" offsetX="-350" offsetY="132" />
				</Label>

				<!-- <Texture name="$(parent)TestOrange" textureFile="EsoUI/Art/Battlegrounds/battlegrounds_scoreboardBG_orange.dds" level="2" alpha="1" color="FFFFFF"> -->
					<!-- <Dimensions x="160" y="210"/> -->
					<!-- <Anchor point="CENTER" relativeTo="$(parent)" relativePoint="CENTER" offsetX="0" offsetY="-250"/> -->
					<!-- <TextureCoords top="0" bottom="1" left="0.018" right="0.86"/> -->
				<!-- </Texture> -->
				<!-- <Texture name="$(parent)TestPurple" textureFile="EsoUI/Art/Battlegrounds/battlegrounds_scoreboardBG_purple.dds" level="2" alpha="1" color="FFFFFF"> -->
					<!-- <Dimensions x="160" y="210"/> -->
					<!-- <Anchor point="CENTER" relativeTo="$(parent)" relativePoint="CENTER" offsetX="-160" offsetY="-250"/> -->
					<!-- <TextureCoords top="0" bottom="1" left="0.018" right="0.86"/> -->
				<!-- </Texture> -->
				<!-- <Texture name="$(parent)TestGreen" textureFile="EsoUI/Art/Battlegrounds/battlegrounds_scoreboardBG_green.dds" level="2" alpha="1" color="FFFFFF"> -->
					<!-- <Dimensions x="160" y="210"/> -->
					<!-- <Anchor point="CENTER" relativeTo="$(parent)" relativePoint="CENTER" offsetX="160" offsetY="-250"/> -->
					<!-- <TextureCoords top="0" bottom="1" left="0.018" right="0.86"/> -->
				<!-- </Texture> -->


				<Texture name="$(parent)DivierTop1" textureFile="esoui/art/miscellaneous/horizontaldivider.dds" alpha="1" hidden="false" level="1">
					<Anchor point="TOP" offsetX="0" offsetY="120" />
					<Dimensions x="1320" y="8" />
		</Texture>

				<Texture name="$(parent)DivierTop2" textureFile="esoui/art/miscellaneous/horizontaldivider.dds" alpha="1" hidden="false" level="1">
					<Anchor point="TOP" offsetX="0" offsetY="170" />
					<Dimensions x="1320" y="8" />
		</Texture>

				<Texture name="$(parent)DividerBottom" textureFile="esoui/art/miscellaneous/horizontaldivider.dds" alpha="1" hidden="false" level="1">
					<Anchor point="BOTTOM" offsetX="0" offsetY="-70" />
					<Dimensions x="1320" y="8" />
		</Texture>

				<Control name="$(parent)Score">
					<Anchor point="TOP" relativePoint="TOP" relativeTo="$(parent)" offsetY="-120" offsetX="0" />
					<Dimensions x="470" y="205" />
					<Controls>
						<Control name="$(parent)Team1" inherits="PVP_TeamInfo">
							<Anchor point="BOTTOMLEFT" relativePoint="BOTTOMPLEFT" relativeTo="$(parent)" offsetY="0" offsetX="0" />
						</Control>

						<Control name="$(parent)Team2" inherits="PVP_TeamInfo">
							<Anchor point="BOTTOM" relativePoint="BOTTOM" relativeTo="$(parent)" offsetY="0" offsetX="0" />
						</Control>

						<Control name="$(parent)Team3" inherits="PVP_TeamInfo">
							<Anchor point="BOTTOMRIGHT" relativePoint="BOTTOMRIGHT" relativeTo="$(parent)" offsetY="0" offsetX="0" />
						</Control>
					</Controls>
				</Control>

				<Control name="$(parent)PlayerIcon" hidden="false" tier="1" level="1" layer="2">
					<Anchor point="BOTTOM" relativePoint="TOP" relativeTo="$(parent)ScoreTeam2" offsetY="7" />
					<Controls>
						<Texture name="$(parent)Icon" textureFile="esoui/art/currency/currency_crown.dds" color="CCCC00" hidden="true">
							<Anchor point="TOP" relativePoint="TOP" relativeTo="$(parent)" offsetY="0" />
							<Dimensions x="80" y="70" />
						</Texture>
						<Texture name="$(parent)Bar" textureFile="EsoUI/Art/HUD/Gamepad/gp_skillGlow.dds" hidden="false" >
							<!-- <TextureCoords left="0.25" right = "0.75" top="0" bottom="0.3" /> -->
							<TextureCoords left="0.25" right = "0.75" top="0.73" bottom="1" />
							<Dimensions x="155" y="42" />
							<!-- <Anchor point="TOP" relativePoint="BOTTOM" relativeTo="$(parent)Icon" offsetY="-25" /> -->
							<Anchor point="TOP" relativePoint="BOTTOM" relativeTo="$(parent)Icon" offsetY="5" />
						</Texture>
					</Controls>
				</Control>


				<Label name="$(parent)MVP" text="" font="$(BOLD_FONT)|$(KB_24)|thick-outline" mouseEnabled="true" linkEnabled="true" horizontalAlignment="CENTER" color="INTERFACE_COLOR_TYPE_TEXT_COLORS:INTERFACE_TEXT_COLOR_NORMAL" hidden="false">
					<Anchor point="TOP" relativePoint="TOP" relativeTo="$(parent)" offsetY="-270" />
					<OnMouseUp>
						PVP_ScoreboardName_OnMouseUp(button, self)
					</OnMouseUp>
					<Controls>
						<Texture name="$(parent)Backdrop" textureFile="EsoUI/Art/Performance/StatusMeterMunge.dds" level="2" alpha="1" color="FFFFFF">
							<Dimensions x="1900" y="280"/>
							<Anchor point="CENTER" relativeTo="$(parent)" relativePoint="CENTER" offsetX="0" offsetY="0"/>
						</Texture>
					</Controls>
				</Label>


				<Texture name="$(parent)BackdropTexture" textureFile="EsoUI/Art/Battlegrounds/battlegrounds_scoreboardBG_left.dds" alpha="1" hidden="false">
					<Anchor point="TOP" offsetX="-10" offsetY="-160" />
					<Dimensions x="1050" y="905" />
		</Texture>
				<Texture name="$(parent)BackdropTextureRight" textureFile="EsoUI/Art/Battlegrounds/battlegrounds_scoreboardBG_right.dds" alpha="1" hidden="false">
			<Anchor point="TOPLEFT" relativeTo="$(parent)BackdropTexture" relativePoint="TOPRIGHT" offsetX="0" offsetY="0" />
					<Dimensions x="64" y="905" />
		</Texture>

				<Control name="$(parent)List1" inherits="PVP_List">
					<Anchor point="TOP" offsetX="0" offsetY="180" />
				</Control>


				<Control name="$(parent)PlayerMedals" resizeToFitDescendents="true">
					<Anchor point="BOTTOM" offsetX="0" offsetY="85" />
				</Control>
				<Control name="$(parent)PlayerMedalsBottom" resizeToFitDescendents="true">
					<Anchor point="TOP" relativeTo="$(parent)PlayerMedals" relativePoint="BOTTOM" offsetX="0" offsetY="20" />
				</Control>


			</Controls>
		</TopLevelControl>

		<TopLevelControl name="PVP_Scoreboard_Tooltip_Medal_Template" mouseEnabled="false" movable="false" clampedToScreen="true" hidden="false" virtual="true" resizeToFitDescendents="false">
	    <Dimensions x="500" y="75" />
			<Anchor point="CENTER" offsetY="450"/>
	    <Controls>
				<Texture name="$(parent)Icon" textureFile="/esoui/art/icons/battleground_medal_flagcapture_002.dds" level="2">
					<Dimensions x="70" y="70"/>
					<Anchor point="TOPLEFT" relativeTo="$(parent)" relativePoint="TOPLEFT" offsetX="0" offsetY="0"/>
				</Texture>
				<Label name="$(parent)Score" text="x2" horizontalAlignment="RIGHT" verticalAlignment="CENTER" inheritAlpha="true" wrapMode="ELLIPSIS" font="$(BOLD_FONT)|$(KB_24)|thick-outline" color="FFFFFF" level="3">
					<Dimensions x="64" y="25" />
					<Anchor point="BOTTOMRIGHT" relativeTo="$(parent)Icon" relativePoint="BOTTOMRIGHT" offsetX="0" offsetY="-1"/>
				</Label>
				<Label name="$(parent)Name" text="Expert Relic Runner" horizontalAlignment="LEFT" verticalAlignment="CENTER" inheritAlpha="true" wrapMode="ELLIPSIS" font="$(BOLD_FONT)|$(KB_22)|soft-shadow-thick" color="AAAA00" resizeToFitDescendents="true" level="2" >
					<Dimensions x="100" y="25" />
					<Anchor point="TOPLEFT" relativeTo="$(parent)Icon" relativePoint="TOPRIGHT" offsetX="10" offsetY="9"/>
				</Label>
				<Label name="$(parent)Description" text="500 points" horizontalAlignment="LEFT" verticalAlignment="CENTER" inheritAlpha="true" wrapMode="ELLIPSIS" font="$(BOLD_FONT)|$(KB_18)|soft-shadow-thick" color="A0A0A0" resizeToFitDescendents="true" level="2">
					<Dimensions x="100" y="25" />
					<Anchor point="TOPLEFT" relativeTo="$(parent)Name" relativePoint="BOTTOMLEFT" offsetX="1" offsetY="2"/>
				</Label>
			</Controls>
	</TopLevelControl>



		<TopLevelControl name="PVP_Scoreboard_TooltipTopLevel" inherits="TooltipTopLevel">
			<Controls>
				<Tooltip name="PVPScoreboardTooltip" inherits="ZO_BaseTooltip">
					<ResizeToFitPadding width="32" height="57"/>
					<DimensionConstraints minX="416" maxX="416" />
					<Controls>
						<Texture name="$(parent)FadeLeft" textureFile="EsoUI/Art/ItemToolTip/iconStrip.dds" excludeFromResizeToFitExtents="true">
							<Dimensions x="100" y="4" />
							<TextureCoords left="1" right="0" />
							<Anchor point="TOPRIGHT" relativePoint="TOP" />
						</Texture>
						<Texture name="$(parent)FadeRight" textureFile="EsoUI/Art/ItemToolTip/iconStrip.dds" excludeFromResizeToFitExtents="true">
							<Dimensions x="100" y="4" />

							<Anchor point="TOPLEFT" relativePoint="TOP" />
						</Texture>

						<Texture name="$(parent)Icon" textureFile="EsoUI/Art/Stats/battleground_alliance_badge_Fire_Drakes.dds" excludeFromResizeToFitExtents="true" layer="OVERLAY">
							<Dimensions x="64" y="64" />
							<Anchor point="CENTER" relativePoint="TOP"/>
						</Texture>
					</Controls>
				</Tooltip>
			</Controls>
		</TopLevelControl>
	</Controls>
</GuiXml>
